{"cameraMode":{"drawMode":0,"name":"Shaded","section":"Shading Mode"},"sceneLighting":true,"audioPlay":false,"sceneViewState":{"showFog":true,"showMaterialUpdate":false,"showSkybox":true,"showFlares":true,"showImageEffects":true,"showParticleSystems":true},"in2DMode":false,"pivot":{"x":6.196024417877197,"y":-2.5993967056274416,"z":-13.179539680480957},"rotation":{"x":0.31067991256713869,"y":-0.000011446793905633967,"z":-0.00003204029781045392,"w":0.9505563378334045},"size":15.472373008728028,"orthographic":false}